sample_id	isolate	mash_group	pmrB	source	serotype	sequence_type
EC-WeW-1	Box1-47614	B1	Y358N	Water-well water	O150:H8	906
EC-WeW-2	Box1-Vial10-WC-18-51913	C	Y358N	Water-well water	O8:H9	410
EC-WeW-3	Box1-Vial12-WC-18-52625	B1	Y358N	Water-well water	-:H40	58
EC-WeW-4	Box1-Vial14--WC-18-52701	B1	Y358N	Water-well water	O8:H14	1086
EC-WeW-5	Box1-Vial15-WC-18-52702	B1	Y358N	Water-well water	O8:H14	1086
EC-WeW-6	Box1-Vial16-53026	B1	Y358N	Water-well water	O46/O8/O134:H21	345
EC-WeW-7	Box1-Vial17-53133	B1	Y358N	Water-well water	O125:H19	1611
EC-WeW-8	Box1-Vial18-WC-53360	B1	Y358N	Water-well water	O146:H21	442
EC-WeW-9	Box1-Vial22-61210	A	Wildtype	Water-well water	O13/O135:H30	399
EC-WeW-10	Box1-Vial24-64897	B1	Y358N	Water-well water	O8:H14	1086
EC-WeW-11	Box1-Vial26-68017	A	Wildtype	Water-well water	O27:H7	399
EC-WeW-12	Box1-Vial27-WC-18-68207	B2	E123D	Water-well water	O18:H7	4218
EC-WeW-13	Box1-Vial28-WC-68409	A	Wildtype	Water-well water	O8:H30	399
EC-WeW-14	Box1-Vial29-68525	B1	Y358N	Water-well water	O22:H7	3232
EC-WeW-15	Box1-Vial30-71567	B1	Y358N	Water-well water	O81:H21	58
EC-WeW-16	Box1-Vial31-72947	A	Wildtype	Water-well water	O25:H12	399
EC-WeW-17	Box1-Vial33-7844	A	Wildtype	Water-well water	O15:H12	399
EC-WeW-18	Box1-Vial37-WC-19-19221	A	Wildtype	Water-well water	O5:H10	43
EC-WeW-19	Box1-Vial38-WC-19-19193	A	Wildtype	Water-well water	O125:H25	635
EC-WeW-20	Box1-Vial39-WC-19-21700	A	Wildtype	Water-well water	O21:H38	-
EC-WeW-21	Box1-Vial3-E-1325163	B1	Y358N	Water-well water	O8:H19	162
EC-WeW-22	Box1-Vial41-23081	B1	Y358N	Water-well water	O88:H21	5565
EC-WeW-23	Box1-Vial43-36013	A	Wildtype	Water-well water	O13/O135:H30	399
EC-WeW-24	Box1-Vial44-38078	A	Wildtype	Water-well water	O75:H38	1316
EC-WeW-25	Box1-Vial45-WC-19-42229	B1	Y358N	Water-well water	O166:H49	1246
EC-WeW-26	Box1-Vial46-WC-19-41983	A	Wildtype	Water-well water	-:H39	10
EC-WeW-27	Box1-Vial53-51337	B1	Y358N	Water-well water	O105:H25	1080
EC-WeW-28	Box1-Vial54-51576	Clade V	Wildtype	Water-well water	-:-	5600
EC-WeW-29	Box1-Vial56-52345	B1	Y358N	Water-well water	O88:H25	1395
EC-WeW-30	Box1-Vial57-53398	B1	Y358N	Water-well water	-:H11	295
EC-WeW-31	Box1-Vial-58-53412	B1	Y358N	Water-well water	-:H21	155
EC-WeW-32	Box1-Vial60-54608	B1	Y358N	Water-well water	O154:H38	154
EC-WeW-33	Box1-Vial63-59282	B1	Y358N	Water-well water	O45:H51	58
EC-WeW-34	Box1-Vial66-62810	B1	Y358N	Water-well water	O146:H21	442
EC-WeW-35	Box1-Vial72-68304	B1	Y358N	Water-well water	O91:H28	12427
EC-WeW-36	Box1-Vial73-68386	B1	Y358N	Water-well water	O103:H21	2354
EC-WeW-37	Box1-Vial74-43743	B1	Y358N	Water-well water	O8:H19	2079
EC-WeW-38	Box1-Vial7-50869	D	Wildtype	Water-well water	O126:H20	714
EC-WeW-39	Box1-Vial76-69675	B1	Y358N	Water-well water	O7:H2	7249
EC-WeW-40	Box1-Vial77-70249	A	Wildtype	Water-well water	O11:H25	635
EC-WeW-41	Box1-Vial78-70914	B1	Y358N	Water-well water	O10:H42	164
EC-WeW-42	Box1-Vial79-WC-19-72281	B1	Y358N	Water-well water	O150:H8	7893
EC-WeW-43	Box1-Vial80-79335	B1	Y358N	Water-well water	O168:H8	718
EC-WeW-44	Box1-Vial81-78416	B1	Y358N	Water-well water	O85:H28	1205
EC-WeW-45	Box1-Vial8-51114	B1	Y358N	Water-well water	O148:H8	448
EC-WeW-46	Box1-WC-51009	A	Wildtype	Water-well water	O74:H39	10
EC-WeW-47	Box2-Vial5-83579	A	Wildtype	Water-well water	O9:H4	1421
EC-WeW-48	Box2-Vial6-87309	B2	E123D	Water-well water	O2:H14	8978
EC-WW-49	Box51-Plate149-e11	B1	Y358N	Water-wastewater	O9:H34	155
EC-WW-50	Box51-Plate149-g10	B1	Y358N	Water-wastewater	O84:H14	2144
EC-WW-51	Box51-Plate151-e1	A	Wildtype	Water-wastewater	O159:H43	218
EC-WW-52	Box51-Plate151-h5	B1	Y358N	Water-wastewater	O7:H21	401
EC-WW-53	Box52-Plate152-h9	B1	Y358N	Water-wastewater	O169:H8	297
EC-WW-54	Box53-Plate155-h8	A	Wildtype	Water-wastewater	O3:H4	216
EC-WW-55	Box54-Plate158-e11	D	Wildtype	Water-wastewater	O2/O50:H4	405
EC-WW-56	Box54-Plate160-g6	A	Wildtype	Water-wastewater	O19:H4	10
EC-WW-57	Box55-Plate162-f10	B1	Y358N	Water-wastewater	O179:H8	-
EC-WW-58	Box55-Plate163-h11	B2	E123D	Water-wastewater	O2:H6	998
EC-WW-59	Box56-Plate165-h6	B1	Y358N	Water-wastewater	O45:H45	641
EC-WW-60	Box56-Plate166-c7	B1	Y358N	Water-wastewater	O65:H7	5082
EC-WW-61	Box57-Plate168-f4	B2	E123D	Water-wastewater	O46:H31	420
EC-WW-62	Box57-Plate169-h5	B1	Y358N	Water-wastewater	O170:H16	2016
EC-WW-63	Box58-Plate171-f7	D	Wildtype	Water-wastewater	O15:H18	69
EC-WW-64	Box59-Plate173-e2	B1	Y358N	Water-wastewater	-:H31	101
EC-WW-65	Box59-Plate174-f3	A	Wildtype	Water-wastewater	O36:H25	635
EC-WW-66	Box60-Plate177-a2	B2	Wildtype	Water-wastewater	O83:H7	-
EC-WW-67	Box61-Plate180-f7	A	Wildtype	Water-wastewater	O107/O117:H54	10
EC-WW-68	Box61-Plate181-f4	B1	Y358N	Water-wastewater	O159:H9	2952
EC-WW-69	Box62-Plate182-e7	B1	Y358N	Water-wastewater	O8:H7	2313
EC-WW-70	Box62-Plate182-h5	A	Wildtype	Water-wastewater	O130:H12	5295
EC-WW-71	Box62-Plate183-g6	A	Wildtype	Water-wastewater	O25:H16	1312
EC-WW-72	Box62-Plate184-H7	B2	E123D	Water-wastewater	-:H1	-
EC-WW-73	Box63-Plate187-h9	B1	Y358N	Water-wastewater	O110:H16	8097
EC-WW-74	Box64-Plate188-B12	D	Wildtype	Water-wastewater	O166:H15	70
EC-WW-75	Box64-Plate188-H8	B2	E123D	Water-wastewater	O16:H5	5640
EC-WW-76	Box66-Plate195-c1	B2	E123D	Water-wastewater	O25:H4	131
EC-WW-77	Box66-Plate196-c4	B2	E123D	Water-wastewater	O6:H1	73
EC-WW-78	Box66-Plate196-G3	B2	E123D	Water-wastewater	O1:H7	95
EC-WW-79	Box68-Plate202-e4	A	Wildtype	Water-wastewater	O173:H10	2705
EC-WW-80	Box69-Plate204-E9	B2	E123D	Water-wastewater	O2:H6	998
EC-WW-81	Box70-Plate206-c8	B2	E123D	Water-wastewater	O2:H6	998
EC-WW-82	Box70-Plate206-E10	F	Wildtype	Water-wastewater	O153:H25	1722
EC-WW-83	Box70-Plate207-f1	A	Wildtype	Water-wastewater	O13/O135:H30	176
EC-WW-84	Box70-Plate208-e10	B1	Y358N	Water-wastewater	O185:H8	2522
EC-WW-85	Box71-Plate209-d6	G	Wildtype	Water-wastewater	O53:H4	117
EC-WW-86	Box71-Plate209-g4	A	Wildtype	Water-wastewater	-:H4	44
EC-WW-87	Box71-Plate210-c5	A	Wildtype	Water-wastewater	O51:H21	181
EC-WW-88	Box71-Plate210-g7	B2	E123D	Water-wastewater	O75:H5	1193
EC-WW-89	Box71-Plate211-c12	B2	E123D	Water-wastewater	O4:H1	12
EC-WW-90	Box74-Plate218-c1	A	Wildtype	Water-wastewater	O66:H25	-
EC-WW-91	Box74-Plate218-g9	B1	Y358N	Water-wastewater	O6:H49	1079
EC-WW-92	Box74-Plate220-a11	A	Wildtype	Water-wastewater	O132:H12	399
EC-WW-93	Box74-Plate220-a8	B1	Y358N	Water-wastewater	O88:H25	1679
EC-WW-94	Box75-Plate222-b11	A	Wildtype	Water-wastewater	O89:H10	744
EC-WW-95	Box75-Plate222-f8	A	Wildtype	Water-wastewater	O12:H48	10
EC-WW-96	Box76-Plate224-h11	A	Wildtype	Water-wastewater	-:H32	5265
EC-BC-97	EC01SH18588003401	A	Wildtype	Fecal-broiler chicken	O80:H26	189
EC-BC-98	EC01SH18588007901	A	Wildtype	Fecal-broiler chicken	O176:H11	48
EC-BC-99	EC01SH18588010701	D	Wildtype	Fecal-broiler chicken	O132:H15	38
EC-BC-100	EC01SH18588015301	B1	Y358N	Fecal-broiler chicken	-:H7	328
EC-BC-101	EC01SH18588022201	A	Wildtype	Fecal-broiler chicken	O176:H12	10
EC-BC-102	EC01SH18588026201	B1	Y358N	Fecal-broiler chicken	O88:H51	155
EC-BC-103	EC01SH18588026301	A	Wildtype	Fecal-broiler chicken	O123/O186:H40	752
EC-BC-104	EC01SH18588026901	B1	Y358N	Fecal-broiler chicken	O109:H21	40
EC-BC-105	EC01SH18588029001	D	Wildtype	Fecal-broiler chicken	O77/O17/O44/O106/O73:H45	4243
EC-BC-106	EC01SH18588029201	A	Wildtype	Fecal-broiler chicken	O7:H4	93
EC-BC-107	EC01SH18588033301	B1	Y358N	Fecal-broiler chicken	O84:H20	2040
EC-BC-108	EC01SH18588033701	A	Wildtype	Fecal-broiler chicken	O80:H26	189
EC-BC-109	EC01SH18588034001	B1	Y358N	Fecal-broiler chicken	O21:H19	1167
EC-BC-110	EC01SH18588039301	B1	Y358N	Fecal-broiler chicken	O153/O9:H21	155
EC-BC-111	EC01SH18588043801	A	Wildtype	Fecal-broiler chicken	O99:H32	-
EC-BC-112	EC01SH18588043901	A	Wildtype	Fecal-broiler chicken	-:H40	10
EC-BC-113	EC01SH18588045101	D	Wildtype	Fecal-broiler chicken	O7:H6	362
EC-BC-114	EC01SH18588045201	D	Wildtype	Fecal-broiler chicken	O23:H6	69
EC-BC-115	EC01SH18588049701	B1	Y358N	Fecal-broiler chicken	O45:H8	212
EC-BC-116	EC01SH18588052101	A	Wildtype	Fecal-broiler chicken	O6:H10	43
EC-BC-117	EC01SH18588052201	B1	Y358N	Fecal-broiler chicken	O157:H19	763
EC-BC-118	EC01SH19588001701	A	Wildtype	Fecal-feedlot	O134/O46:H52	7207
EC-BC-119	EC01SH19588005101	B1	Y358N	Fecal-feedlot	O49:H12	156
EC-BC-120	EC01SH19588005201	A	Wildtype	Fecal-feedlot	O146:H20	3021
EC-BC-121	EC01SH19588013501	B1	Y358N	Fecal-feedlot	O45:H4	336
EC-BC-122	EC01SH19588014101	B1	Y358N	Fecal-feedlot	O153/O178:H7	10895
EC-BC-123	EC01SH19588014301	B1	Y358N	Fecal-feedlot	O153/O178:H7	10895
EC-BC-124	EC01SH19588019501	B1	Y358N	Fecal-feedlot	-:H8	6488
EC-BC-125	EC01SH19588019901	B1	Y358N	Fecal-feedlot	O21:H25	58
EC-BC-126	EC01SH19588021001	B1	Y358N	Fecal-feedlot	O21:H25	-
EC-BC-127	EC01SH19588021301	B1	Y358N	Fecal-feedlot	-:H8	6488
EC-BC-128	EC01SH19588022301	B1	Y358N	Fecal-feedlot	O103:H2	2307
EC-BC-129	EC01SH19588022401	A	Wildtype	Fecal-feedlot	O45:H4	6617
EC-BC-130	EC01SH19588024401	D	Y358N	Retail meat-chicken	O22:H2	1914
EC-BC-131	EC01SH19588027901	B1	Y358N	Retail meat-chicken	-:H16	295
EC-BC-132	EC01SH19588028101	A	Y358N	Retail meat-beef	O62:H12	12212
EC-BC-133	EC01SH19588028401	B1	Y358N	Retail meat-beef	O43:H2	937
EC-BC-134	EC01SH19588028801	D	Wildtype	Retail meat-chicken	O25:H9	115
EC-BC-135	EC01SH19588031401	A	Wildtype	Fecal-broiler chicken	O123/O186:H40	752
EC-BC-136	EC01SH19588031501	A	Wildtype	Fecal-broiler chicken	-:H40	10
EC-BC-137	EC01SH19588031601	A	Wildtype	Fecal-broiler chicken	-:H40	10
EC-BC-138	EC01SH19588032501	A	Wildtype	Fecal-broiler chicken	-:H21	1564
EC-BC-139	EC01SH19588033001	D	Wildtype	Fecal-broiler chicken	O17/O77/O44/O106:H41	720
EC-BC-140	EC01SH19588033401	D	Wildtype	Fecal-broiler chicken	O17/O77/O44/O106:H41	720
EC-BC-141	EC01SH19588038801	A	Wildtype	Fecal-broiler chicken	O80:H26	189
EC-BC-142	EC01SH19588046301	A	Wildtype	Fecal-broiler chicken	O113:H4	1141
EC-BC-143	EC01SH19588048701	A	Wildtype	Fecal-broiler chicken	O86:H32	7848
EC-BC-144	EC01SH19588048901	B1	Y358N	Fecal-broiler chicken	-:H7	328
EC-FC-145	EC01SH18618000201	A	Wildtype	Fecal-broiler chicken	-:H10	2705
EC-FC-146	EC01SH18618002901	A	Wildtype	Fecal-broiler chicken	-:H10	2705
EC-FC-147	EC01SH18618003101	A	Wildtype	Fecal-broiler chicken	O123/O186:H40	752
EC-FC-148	EC01SH18618003901	B1	Y358N	Fecal-broiler chicken	-:H16	295
EC-FC-149	EC01SH18618004501	E	Wildtype	Fecal-broiler chicken	-:H45	1011
EC-FC-150	EC01SH18618004701	B1	Y358N	Fecal-broiler chicken	O45:H8	297
EC-FC-151	EC01SH18618004901	D	Wildtype	Fecal-broiler chicken	O77/O17/O44/O106:H41	720
EC-FC-152	EC01SH18618006501	E	Y358N	Fecal-broiler chicken	O4:H45	2485
EC-FC-153	EC01SH18618007401	B1	Y358N	Fecal-broiler chicken	O150:H20	191
EC-FC-154	EC01SH18618007501	F	Wildtype	Fecal-broiler chicken	O83:H42	1485
EC-FC-155	EC01SH18618009501	A	Wildtype	Fecal-broiler chicken	O162/O101:H12	10
EC-FC-156	EC01SH18618011301	B1	Y358N	Fecal-broiler chicken	O4:H49	1844
EC-FC-157	EC01SH19618001801	B1	Y358N	Fecal-broiler chicken	O109:H21	40
EC-FC-158	EC01SH19618002001	A	Wildtype	Fecal-broiler chicken	O80:H19	165
EC-FC-159	EC01SH19618002401	B1	Y358N	Fecal-broiler chicken	-:H21	602
EC-FC-160	EC01SH19618002601	D	Wildtype	Fecal-broiler chicken	O8/O155:H41	5853
EC-FC-161	EC01SH19618005001	A	Wildtype	Fecal-broiler chicken	O13/O135:H48	10
EC-FC-162	EC01SH19618005501	B1	Y358N	Fecal-feedlot	O128:H2	20
EC-FC-163	EC01SH19618005601	B1	Y358N	Fecal-feedlot	-:H2	5973
EC-FC-164	EC01SH19618006001	B1	Y358N	Fecal-feedlot	O128:H2	20
EC-FC-165	EC01SH19618007501	B1	Y358N	Fecal-feedlot	O105:H7	1890
EC-FC-166	EC01SH19618008701	B1	Y358N	Fecal-feedlot	O96:H19	1611
EC-FC-167	EC01SH19618010901	A	Wildtype	Fecal-feedlot	O157:H29	515
EC-FC-168	EC01SH19618011601	A	Wildtype	Fecal-feedlot	O70:H32	10
EC-FC-169	EC01SH19618011801	B1	Y358N	Fecal-feedlot	O102:H21	155
EC-FC-170	EC01SH19618012201	B1	Y358N	Fecal-feedlot	O175:H16	603
EC-FC-171	EC01SH19618012401	B1	Y358N	Fecal-feedlot	O153/O178:H7	10895
EC-FC-172	EC01SH19618012501	A	Wildtype	Fecal-feedlot	O154:H16	165
EC-FC-173	EC01SH19618013301	B1	Y358N	Fecal-feedlot	O153/O178:H7	278
EC-FC-174	EC01SH19618015401	B1	Y358N	Fecal-feedlot	O156:H8	327
EC-FC-175	EC01SH19618015701	A	Wildtype	Fecal-feedlot	O13/O135:H11	10
EC-FC-176	EC01SH19618016401	B1	Y358N	Fecal-feedlot	O153/O178:H7	278
EC-FC-177	EC01SH19618016601	A	Wildtype	Fecal-feedlot	O5:H32	10
EC-FC-178	EC01SH19618017501	B1	Y358N	Fecal-feedlot	O146:H21	442
EC-FC-179	EC01SH19618017901	B1	Y358N	Fecal-feedlot	O166:H49	1246
EC-FC-180	EC01SH19618018201	A	Wildtype	Fecal-feedlot	O45:H4	-
EC-FC-181	EC01SH19618018301	A	Wildtype	Fecal-feedlot	O76:H4	195
EC-FC-182	EC01SH19618019001	B1	Y358N	Fecal-feedlot	-:H10	441
EC-FC-183	EC01SH19618019501	B1 	Wildtype	Fecal-feedlot	O87:H7	1704
EC-FC-184	EC01SH19618020401	B1	Y358N	Fecal-feedlot	O105:H25	1080
EC-FC-185	EC01SH19618020601	B1	Y358N	Fecal-feedlot	O10:H42	164
EC-FC-186	EC01SH19618021501	A	Wildtype	Fecal-feedlot	O13/O135:H48	10
EC-FC-187	EC01SH19618026401	A	Wildtype	Fecal-feedlot	O45:H4	6617
EC-FC-188	EC01SH19618028101	A	Wildtype	Fecal-feedlot	O123/O186:H36	10
EC-FC-189	EC01SH19618028501	B1	Y358N	Fecal-feedlot	O45:H4	336
EC-FC-190	EC01SH19618028801	B1	Y358N	Fecal-feedlot	O21:H25	58
EC-FC-191	EC01SH19618035301	B1	Y358N	Fecal-feedlot	O105:H25	1080
EC-FC-192	EC01SH19618035901	A	Wildtype	Fecal-feedlot	O70:H32	10
EC-RMC-193	EC01SH187022901	B1	Y358N	Fecal-feedlot	-:H8	6488
EC-RMC-194	EC01SH187100301	B1	Y358N	Fecal-feedlot	O153:H12	155
EC-RMB-195	EC01SH187104501	A	Wildtype	Fecal-feedlot	O123/O186:H36	10
EC-RMB-196	EC01SH187104801	B1	Y358N	Fecal-feedlot	O105:H25	1080
EC-RMC-197	EC01SH187105001	B1	Y358N	Fecal-feedlot	O163:H23	939
EC-RMB-198	EC01SH197040201	B1	Y358N	Retail meat-beef	-:H8	3234
EC-RMC-199	EC2018AMR0059	B2	E123D	Retail meat-chicken	-:H4	1170
EC-RMB-200	EC2018AMR0063	B1	Y358N	Retail meat-beef	O113:H21	56
EC-RMC-201	EC2018AMR0064	A	Wildtype	Retail meat-chicken	O7:H4	-
EC-RMC-202	EC2018AMR0065	B1	Y358N	Retail meat-chicken	O8:H25	58
EC-RMB-203	EC2018AMR0066	B1	Y358N	Retail meat-beef	O8:H7	2163
EC-RMB-204	EC2018AMR0067	B1	Y358N	Retail meat-beef	O113:H21	56
EC-RMC-205	EC2018AMR0070	B1	Y358N	Retail meat-chicken	O153/O178:H2	3721
EC-RMC-206	EC2018AMR0459	G	Wildtype	Retail meat-chicken	O53:H4	117
EC-RMC-207	EC2018AMR0470	B1	Y358N	Retail meat-chicken	-:H21	602
EC-RMC-208	EC2018AMR0472	A	Wildtype	Retail meat-chicken	O132:H28	10
EC-RMB-209	EC2018AMR0584	A	Wildtype	Retail meat-beef	-:H12	607
EC-RMB-210	EC2018AMR0586	D	Wildtype	Retail meat-beef	O77/O17/O44/O106:H18	69
EC-RMC-211	EC2018AMR0592	B1	Y358N	Retail meat-chicken	O45:H8	101
EC-RMB-212	EC2018AMR0697	B1	Y358N	Retail meat-beef	O156:H8	327
EC-RMC-213	EC2018AMR0702	B1	Y358N	Retail meat-chicken	O8:H28	162
EC-RMC-214	EC2018AMR0823	B1	Y358N	Retail meat-chicken	O29:H34	58
EC-RMB-215	EC2018AMR0826	B1	Y358N	Retail meat-beef	O22:H21	58
EC-RMB-216	EC2018AMR0828	B1	Wildtype	Retail meat-beef	O18:H49	154
EC-RMB-217	EC2018AMR0841	B1	Y358N	Retail meat-beef	O3:H38	4198
EC-RMC-218	EC2018AMR0844	D	Wildtype	Retail meat-chicken	O7:H18	38
EC-RMC-219	EC2018AMR0943	B1	Wildtype	Retail meat-chicken	O75:H34	10735
EC-RMB-220	EC2018AMR0947	B1	Y358N	Retail meat-beef	O174:H2	1148
EC-RMB-221	EC2018AMR0956	B1	Y358N	Retail meat-beef	-:H28	2536
EC-RMB-222	EC2018AMR0958	B1	Y358N	Retail meat-beef	O108:H2	847
EC-RMC-223	EC2018AMR0964	B1	Y358N	Retail meat-chicken	O22:H28	2853
EC-RMC-224	EC2018AMR1051	B2	E123D	Retail meat-chicken	O2:H1	429
EC-RMB-225	EC2018AMR1054	B1	Y358N	Retail meat-beef	O86:H51	155
EC-RMC-226	EC2018AMR1059	B1	Y358N	Retail meat-chicken	O128:H35	1147
EC-RMC-227	EC2018AMR1188	B1	Y358N	Retail meat-chicken	O9:H25	58
EC-RMB-228	EC2018AMR1191	B1	Y358N	Retail meat-beef	O76:H7	795
EC-RMC-229	EC2018AMR1206	G	Wildtype	Retail meat-chicken	O11:H4	117
EC-RMB-230	EC2018AMR1209	A	Wildtype	Retail meat-beef	O10:H12	607
EC-RMC-231	EC2018AMR1211	B1	Y358N	Retail meat-chicken	-:H16	295
EC-RMC-232	EC2018AMR1212	B1	Y358N	Retail meat-chicken	O153/O178:H16	10547
EC-RMB-233	EC2018AMR1317	B1	Y358N	Retail meat-beef	O102:H21	155
EC-RMC-234	EC2018AMR1321	F	Wildtype	Retail meat-chicken	O49:H10	648
EC-RMB-235	EC2018AMR1493	F	Wildtype	Retail meat-beef	O1:H25	1722
EC-RMC-236	EC2018AMR1494	F	Wildtype	Retail meat-chicken	O1:H25	1722
EC-RMB-237	EC2018AMR1495	B1	Y358N	Retail meat-beef	O18:H7	1463
EC-RMB-238	EC2018AMR1497	B1	Y358N	Retail meat-beef	O64:H20	155
EC-RMC-239	EC2018AMR1498	A	Wildtype	Retail meat-chicken	O13/O135:H30	8577
EC-RMC-240	EC2018AMR1502	B1	Y358N	Retail meat-chicken	-:H21	616
EC-RMC-241	EC2018AMR1505	A	Wildtype	Retail meat-chicken	-:H4	665
EC-RMB-242	EC2018AMR1506	B1	Y358N	Retail meat-beef	-:H8	6488
EC-RMB-243	EC2018AMR1509	B1	Y358N	Retail meat-beef	O8:H8	109
EC-RMB-244	EC2018AMR1510	D	Wildtype	Retail meat-beef	O77/O17/O44/O106:H18	106
EC-RMC-245	EC2018AMR1511	B1	Y358N	Retail meat-chicken	O6:H49	1079
EC-RMB-246	EC2018AMR1645	D	Wildtype	Retail meat-beef	O77/O17/O44/O106/O73:H18	2
EC-RMB-247	EC2018AMR1649	B1	Y358N	Retail meat-beef	O108:H2	847
EC-RMB-248	EC2018AMR1655	A	Wildtype	Retail meat-beef	O10:H12	607
EC-RMC-249	EC2019AMR0080	F	Wildtype	Retail meat-chicken	O83:H42	1485
EC-RMC-250	EC2019AMR0095	B1	Y358N	Retail meat-chicken	O8:H49	1844
EC-RMC-251	EC2019AMR0096	B1	Y358N	Retail meat-chicken	O88:H51	155
EC-RMB-252	EC2019AMR0190	A	Wildtype	Retail meat-beef	O6:H4	-
EC-RMB-253	EC2019AMR0193	B1	Y358N	Retail meat-beef	O39:H21	58
EC-RMB-254	EC2019AMR0196	A	Wildtype	Retail meat-beef	O73/O77/O17/O44/O106:H31	10
EC-RMB-255	EC2019AMR0289	A	Wildtype	Retail meat-beef	O82:H4	10
EC-RMC-256	EC2019AMR0290	B1	Y358N	Retail meat-chicken	O88:H8	101
EC-RMB-257	EC2019AMR0292	B1	Y358N	Retail meat-beef	O88:H8	101
EC-RMC-258	EC2019AMR0293	G	Wildtype	Retail meat-chicken	O125:H4	117
EC-RMC-259	EC2019AMR0297	B1	Y358N	Retail meat-chicken	O83:H7	1727
EC-RMB-260	EC2019AMR0413	A	Wildtype	Retail meat-beef	O15:H12	399
EC-RMB-261	EC2019AMR0431	B1	Y358N	Retail meat-beef	O6:H49	1079
EC-RMC-262	EC2019AMR0514	B1	Y358N	Retail meat-chicken	O8:H25	58
EC-RMB-263	EC2019AMR0518	B1	Y358N	Retail meat-beef	O9:H17	58
EC-RMB-264	EC2019AMR0520	B1	Y358N	Retail meat-beef	-:H7	1727
EC-RMC-265	EC2019AMR0521	B1	Y358N	Retail meat-chicken	O153/O9:H21	-
EC-RMC-266	EC2019AMR0621	F	Wildtype	Retail meat-chicken	O49:H10	648
EC-RMC-267	EC2019AMR0627	B1	Y358N	Retail meat-chicken	O45:H8	297
EC-RMB-268	EC2019AMR0631	B1	Y358N	Retail meat-beef	O8:H8	109
EC-RMC-269	EC2019AMR0634	G	Wildtype	Retail meat-chicken	O114:H4	117
EC-RMB-270	EC2019AMR0740	B1	Y358N	Retail meat-beef	O146:H21	442
EC-RMC-271	EC2019AMR0741	E	Wildtype	Retail meat-chicken	O38:H39	8652
EC-RMC-272	EC2019AMR0743	B2	E123D	Retail meat-chicken	O25:H4	95
EC-RMB-273	EC2019AMR0750	B1	Y358N	Retail meat-beef	O133:H8	109
EC-RMB-274	EC2019AMR0756	B1	Y358N	Retail meat-beef	O23:H12	278
EC-RMC-275	EC2019AMR0851	B1	Y358N	Retail meat-chicken	O18:H49	212
EC-RMB-276	EC2019AMR0854	B1	Y358N	Retail meat-beef	O116:H48	3519
EC-RMB-277	EC2019AMR0967	B1	Y358N	Retail meat-beef	O9/O30:H21	683
EC-RMB-278	EC2019AMR0969	A	Wildtype	Retail meat-beef	O15:H12	399
EC-RMC-279	EC2019AMR0971	B1	Y358N	Retail meat-chicken	-:H21	602
EC-RMB-280	EC2019AMR1073	E	Wildtype	Retail meat-beef	O77/O17/O44/O106/O73:H45	6645
EC-RMC-281	EC2019AMR1078	G	Wildtype	Retail meat-chicken	O153:H4	117
EC-RMC-282	EC2019AMR1091	G	Wildtype	Retail meat-chicken	O53:H4	117
EC-RMC-283	EC2019AMR1097	A	Wildtype	Retail meat-chicken	O13/O135:H48	10
EC-RMB-284	EC2019AMR1176	B1	Y358N	Retail meat-beef	O105:H25	1080
EC-RMC-285	EC2019AMR1183	B1	Y358N	Retail meat-chicken	O125:H16	295
EC-RMC-286	EC2019AMR1186	A	Wildtype	Retail meat-chicken	O71:H48	10
EC-RMB-287	EC2019AMR1187	B1	Y358N	Retail meat-beef	O88:H4	58
